<?xml version="1.0" encoding="utf-8"?>
<extension type="component" version="3.0" method="upgrade">
    <name>com_mundial_cosumel_2016</name>
    <creationDate>2016-01-30</creationDate>
    <copyright>Copyright (C) 2016. Todos los derechos reservados.</copyright>
    <license>Licencia Pública General GNU versión 2 o posterior. Consulte LICENSE.txt</license>
    <author>Arrighi</author>
    <authorEmail>marrighi@gmail.com</authorEmail>
    <authorUrl></authorUrl>
    <version>CVS: 1.0.0</version>
    <description></description>
    
    
    
    <install> <!-- Runs on install -->
        <sql>
            <file driver="mysql" charset="utf8">sql/install.mysql.utf8.sql</file>
        </sql>
    </install>
    <uninstall> <!-- Runs on uninstall -->
        <sql>
            <file driver="mysql" charset="utf8">sql/uninstall.mysql.utf8.sql</file>
        </sql>
    </uninstall>

    <files folder="site">
        <filename>index.html</filename>
        <filename>mundial_cosumel_2016.php</filename>
        <filename>controller.php</filename>
        <filename>router.php</filename>
        <folder>views</folder>
        <folder>models</folder>
        <folder>controllers</folder>
        <folder>helpers</folder>
    </files>
    <media destination="com_mundial_cosumel_2016" folder="media">
        <folder>js</folder>
        <folder>css</folder>
    </media>
    <languages folder="languages/site">
        
			<language tag="en-GB">en-GB/en-GB.com_mundial_cosumel_2016.ini</language>
			<language tag="es-ES">es-ES/es-ES.com_mundial_cosumel_2016.ini</language>
    </languages>
    <administration>
        <menu img="media/com_mundial_cosumel_2016/images/s_com_mundial_cosumel_2016.png" >COM_MUNDIAL_COSUMEL_2016</menu>
        <submenu>
            
			<menu link="option=com_mundial_cosumel_2016&amp;view=inscriptions" view="inscriptions" img="media/com_mundial_cosumel_2016/images/s_inscriptions.png" alt="Mundial_cosumel_2016/Inscriptions">COM_MUNDIAL_COSUMEL_2016_TITLE_INSCRIPTIONS</menu>

        </submenu>
        <files folder="administrator">
            <filename>access.xml</filename>
            <filename>config.xml</filename>
            <filename>controller.php</filename>
            <filename>index.html</filename>
            <filename>mundial_cosumel_2016.php</filename>
            <folder>controllers</folder>
            <folder>assets</folder>
            <folder>helpers</folder>
            <folder>models</folder>
            <folder>sql</folder>
            <folder>tables</folder>
            <folder>views</folder>
        </files>
        <languages folder="languages/administrator">
            
			<language tag="en-GB">en-GB/en-GB.com_mundial_cosumel_2016.ini</language>
			<language tag="en-GB">en-GB/en-GB.com_mundial_cosumel_2016.sys.ini</language>
			<language tag="es-ES">es-ES/es-ES.com_mundial_cosumel_2016.ini</language>
			<language tag="es-ES">es-ES/es-ES.com_mundial_cosumel_2016.sys.ini</language>
        </languages>
    </administration>
    <plugins>
        <plugin group="search" plugin="mundial_cosumel_2016"/>
    </plugins>
    
</extension>
<!-- Component built by the Joomla Component Creator -->
<!-- http://www.component-creator.com/ -->
